Date,Price,Volume,Moving_Avg_5,Moving_Avg_10
2020-01-01,100.49671415301123,1886,101.33709710255324,102.52126418073517
2020-01-02,100.35844985184005,1427,101.33709710255324,102.52126418073517
2020-01-03,101.00613838994074,2328,101.33709710255324,102.52126418073517
2020-01-04,102.52916824634876,2895,101.33709710255324,102.52126418073517
2020-01-05,102.29501487162543,2994,101.33709710255324,102.52126418073517
2020-01-06,102.06087791467625,1316,101.64992985488625,102.52126418073517
2020-01-07,103.64009073018364,2986,102.30625803055496,102.52126418073517
2020-01-08,104.40752545933655,1634,102.98653544443414,102.52126418073517
2020-01-09,103.9380510734016,2925,103.2683120098447,102.52126418073517
2020-01-10,104.48061111698756,3056,103.70543125891713,102.52126418073517
2020-01-11,104.0171934241751,3821,104.0966943608169,102.87331210785158
2020-01-12,103.55146367060485,4144,104.07896894890114,103.19261348972805
2020-01-13,103.79342594217087,4430,103.95614904546801,103.47134224495107
2020-01-14,101.88014569751307,3270,103.54456797029029,103.4064399900675
2020-01-15,100.15522786500004,2439,102.67949131989278,103.19246128940497
2020-01-16,99.59294033575907,1552,101.79464070220959,102.94566753151324
2020-01-17,98.58010921542466,4441,100.80036981117354,102.43966938003734
2020-01-18,98.89435654801993,1715,99.82055593234335,101.88835248890567
2020-01-19,97.98633247249872,2287,99.04179328734048,101.29318062881539
2020-01-20,96.57402877116343,4911,98.32555346857316,100.50252239423297
2020-01-21,98.03967754008498,2713,98.01490090943835,99.90477080582396
2020-01-22,97.81390123959844,2883,97.86165931427311,99.33101456272331
2020-01-23,97.88142944428637,4389,97.6590738935264,98.73981491293486
2020-01-24,96.4566812580729,2107,97.35314365064121,98.19746846899086
2020-01-25,95.91229853354773,2341,97.22079760311809,97.77317553584562
2020-01-26,96.02322112325758,1110,96.8175063197526,97.41620361459547
2020-01-27,94.87222754583529,1250,96.22917158099997,97.04541544763654
2020-01-28,95.24792556418096,3430,95.70247080497889,96.68077234925263
2020-01-29,94.64728687426215,3054,95.34059192821674,96.34686778942898
2020-01-30,94.35559312446888,1458,95.02925084640097,96.12502422475953
2020-01-31,93.75388651223948,2107,94.57538392419735,95.69644512197497
2020-02-01,95.60616469674842,1207,94.72217135437998,95.47567146768998
2020-02-02,95.59266747201049,1899,94.79111973594588,95.2467952704624
2020-02-03,94.53495654305459,4461,94.76865366970438,95.05462279896057
2020-02-04,95.35750145515777,4385,94.96903533584216,94.99914309112157
2020-02-05,94.13665780518676,1021,95.04558959443162,94.81048675931449
2020-02-06,94.3455214001915,1409,94.79346093512022,94.75781614475011
2020-02-07,92.38585127631173,1894,94.15209769598047,94.47160871596317
2020-02-08,91.05766522741331,1514,93.45663943285221,94.11264655127829
2020-02-09,91.25452646328243,4198,92.63604443447714,93.80253988515965
2020-02-10,91.99299304327783,1808,92.20731148209536,93.62645053826348
2020-02-11,92.1643613244678,4771,91.77107946695062,93.28227020103542
2020-02-12,92.04871304207957,1873,91.70365182010418,92.92787475804232
2020-02-13,91.74760934649028,1013,91.84164064391959,92.6491400383859
2020-02-14,90.26908735612285,1970,91.64455282248767,92.14029862848241
2020-02-15,89.54924314772813,4025,91.15580284337773,91.68155716273654
2020-02-16,89.08860437676836,4061,90.54065145383784,91.15586546039422
2020-02-17,90.14572660298727,4083,90.16005416601938,90.93185299306178
2020-02-18,90.48934489255574,3134,89.90840127523248,90.87502095957602
2020-02-19,88.72630473719299,4595,89.5998447514465,90.62219878696708
2020-02-20,89.0503887065878,3956,89.50007386321843,90.32793835329808
2020-02-21,88.66530642617147,2560,89.41541427309906,89.97803286346844
2020-02-22,87.98838442586552,2324,88.9839458376747,89.57200000184704
2020-02-23,88.60006071470639,2266,88.60608900210482,89.25724513866865
2020-02-24,89.63106023720233,3169,88.7870401021067,89.1934424267766
2020-02-25,90.56234035631853,4218,89.08943043205285,89.29475214763563
2020-02-26,89.7231228330959,4638,89.30099371343773,89.3582039932684
2020-02-27,89.41391045724468,1749,89.58609891971358,89.28502237869414
2020-02-28,89.74517388864824,4427,89.81512155450193,89.21060527830339
2020-02-29,90.7207190157706,1684,90.03305331021559,89.41004670616114
2020-03-01,90.24154477792531,2927,89.96889419453694,89.5291623132949
2020-03-02,90.0558858012615,4804,90.03544678817006,89.6682202508039
2020-03-03,88.94955082725546,4702,89.94257486217222,89.76433689094289
2020-03-04,87.7533442031748,3356,89.54420892507753,89.67966523978973
2020-03-05,88.565870025569,1694,89.11323912703722,89.5731462186264
2020-03-06,89.92211005413982,3335,89.0493521822801,89.50912318840854
2020-03-07,89.85009993255949,1306,89.00819500853972,89.52182089835489
2020-03-08,90.85363283045152,4883,89.38901140917893,89.66579313567557
2020-03-09,91.21526885549915,4665,90.08139633964379,89.81280263236066
2020-03-10,90.57014910089401,2989,90.48225215470879,89.797745640873
2020-03-11,90.93154470640243,3961,90.68413908516132,89.86674563372071
2020-03-12,92.4695812728684,4794,91.2080353532231,90.10811518088141
2020-03-13,92.43375523375845,1661,91.52405983388448,90.4565356215317
2020-03-14,93.99839888957246,1548,92.08068584069915,91.08104109017147
2020-03-15,91.37865378548271,4423,92.24238677761689,91.36231946616284
2020-03-16,92.20055628985793,1311,92.496189094308,91.59016408973466
2020-03-17,92.2876033580961,3920,92.45979351135352,91.83391443228831
2020-03-18,91.98859600763024,2082,92.37076166612789,91.94741075000618
2020-03-19,92.08035678416574,4714,91.98715324504654,92.03391954287285
2020-03-20,90.09278786956484,3971,91.72998006186297,91.98618341973993
2020-03-21,89.87311598172734,2737,91.26449200023686,91.88034054727243
2020-03-22,90.23022855323909,1754,90.85301703926545,91.65640527530948
2020-03-23,91.7081225979806,1034,90.79692235733553,91.5838420117317
2020-03-24,91.18985237970695,1444,90.61882147644376,91.30298736074516
2020-03-25,90.38135877681377,3140,90.67653565789354,91.20325785987826
2020-03-26,89.87960173322922,2982,90.67783280819393,90.97116240421539
2020-03-27,90.7950038509313,2230,90.79078786773236,90.82190245349891
2020-03-28,91.12375496059099,1352,90.67391434025444,90.73541834879498
2020-03-29,90.59399475682395,1902,90.55474281567783,90.58678214606081
2020-03-30,91.1072621899373,2355,90.69992349830255,90.68822957809805
2020-03-31,91.20433973928534,4888,90.96487109951377,90.82135195385385
2020-04-01,92.17298472981824,3909,91.24046727529117,91.01562757151177
2020-04-02,91.47093163594087,2748,91.30990261036115,90.99190847530778
2020-04-03,91.14326948934311,1158,91.41975755686497,90.98725018627141
2020-04-04,90.75116133621096,2977,91.34853738611972,91.02423044221112
2020-04-05,89.28764638807883,1956,90.96519871587842,90.9650349076961
2020-04-06,89.58376666514341,3071,90.44735510294343,90.84391118911729
2020-04-07,89.8448219373233,1403,90.12213316321991,90.71601788679052
2020-04-08,89.84993539396577,3852,89.86346634414446,90.64161195050471
2020-04-09,89.61534826059061,1515,89.6363037290204,90.49242055757006
2020-04-10,88.1999775185402,3779,89.41876995511265,90.19198433549553
2020-04-11,87.77933219577484,2387,89.05788306123894,89.75261908209119
2020-04-12,87.43661767924807,4453,88.5762422096239,89.34918768642191
2020-04-13,86.63434041002645,3579,87.93312321283604,88.89829477849024
2020-04-14,86.47305469836044,1955,87.30466450039,88.4704841147052
2020-04-15,86.87710555517498,3199,87.04009010771695,88.22943003141481
2020-04-16,88.7632914563855,4633,87.2368819598391,88.14738251053902
2020-04-17,88.93786926921734,2712,87.53713227783294,88.05668724372842
2020-04-18,89.19541965994011,3994,88.04934812781569,87.99123567032585
2020-04-19,89.12097374417394,1607,88.57893193697838,87.94179821868418
2020-04-20,87.2022025288749,4688,88.64395133171837,87.84202071971765
2020-04-21,87.17568865342568,3467,88.3264307711264,87.78165636548275
2020-04-22,87.23591886336672,2273,87.98604068995627,87.7615864838946
2020-04-23,89.699160975852,4188,88.08678895313865,88.06806854047716
2020-04-24,89.50680001107088,3913,88.16395420651804,88.3714430717482
2020-04-25,89.80834735340449,2535,88.68518317142396,88.66456725157116
2020-04-26,89.77363558369925,4811,89.20477255747866,88.76560166430252
2020-04-27,88.60495754607972,3625,89.47858029402127,88.73231049198877
2020-04-28,89.74778036059473,3382,89.48830417096983,88.78754656205423
2020-04-29,90.49971339328151,2441,89.68688684741194,88.92542052696498
2020-04-30,91.29074534032455,3979,89.98336644479595,89.33427480810995
2020-05-01,90.38135788552981,2797,90.10491090516207,89.65484173132037
2020-05-02,91.78415219646591,1294,90.7407498352393,90.10966506463029
2020-05-03,90.38230113367364,1754,90.86765398985509,90.17797908041246
2020-05-04,90.96915822747391,2394,90.96154295669358,90.32421490205274
2020-05-05,93.15961385328389,1185,91.33531665928544,90.65934155204069
2020-05-06,92.1690775281532,2269,91.69286058781012,90.89888574648609
2020-05-07,91.60277979855042,1636,91.656586108227,91.19866797173316
2020-05-08,91.70243116363807,2291,91.92061211421989,91.39413305203749
2020-05-09,91.19895550952187,4714,91.96657157062948,91.46405726366152
2020-05-10,89.64829207845574,4308,91.26430721566385,91.29981193747464
2020-05-11,89.71685505326175,1529,90.77386272068557,91.23336165424783
2020-05-12,88.65455133953566,4623,90.18421702888261,90.92040156855481
2020-05-13,89.12814377017084,3068,89.66935955018917,90.79498583220455
2020-05-14,88.20871953593704,3958,89.0713123554722,90.51894196305085
2020-05-15,89.75865394095457,4808,89.09338472797197,90.17884597181792
2020-05-16,88.97540064861833,3914,88.9450938470433,89.85947828386443
2020-05-17,88.65333913241265,1793,88.94485140561869,89.56453421725065
2020-05-18,89.46685634978233,4591,89.01259392154098,89.34097673586508
2020-05-19,88.23599203334837,3147,89.01804842102325,89.04468038824773
2020-05-20,88.46345196795251,3799,88.75900802642283,88.9261963771974
2020-05-21,89.77059472223493,1477,88.91804684114615,88.93157034409472
2020-05-22,88.1631114876737,2622,88.82000131219837,88.88242635890853
2020-05-23,88.34774534620601,4369,88.59617911148311,88.80438651651204
2020-05-24,88.60762814045444,1939,88.67050633290431,88.84427737696379
2020-05-25,89.38945101223175,1525,88.85570614176017,88.8073570840915
2020-05-26,88.15250030135365,3381,88.53208725758391,88.72506704936504
2020-05-27,86.83204368826938,1001,88.26587369770304,88.54293750495071
2020-05-28,87.35398525388628,1374,88.06712167923911,88.3316503953611
2020-05-29,87.65096992711946,3340,87.87579003657211,88.27314818473822
2020-05-30,87.90146277746534,3884,87.57819238961882,88.2169492656895
2020-05-31,88.24791098696232,4052,87.59727452674056,88.06468089216223
2020-06-01,87.56788626538383,1552,87.74444304216345,88.00515836993324
2020-06-02,87.80013996254483,3365,87.83367398389515,87.95039783156713
2020-06-03,88.09321243584351,2525,87.92212248563996,87.89895626110604
2020-06-04,87.37886101781714,2851,87.81760213371032,87.69789726166456
2020-06-05,89.2446355289619,1380,88.01694704211025,87.8071107844254
2020-06-06,89.71846844987368,2646,88.44706347900822,88.09575326058582
2020-06-07,88.52716495267104,1013,88.59246847703346,88.21307123046431
2020-06-08,89.18371856130487,1503,88.81056970212573,88.36634609388285
2020-06-09,88.20903689107755,3278,88.97660487677781,88.39710350524408
2020-06-10,88.99612149482,3008,88.92690206994942,88.47192455602985
2020-06-11,90.1547170738274,4155,89.01415179474017,88.73060763687418
2020-06-12,89.3340347554757,1129,89.1755257553011,88.88399711616728
2020-06-13,90.29741088472001,4814,89.39826421998413,89.10441696105492
2020-06-14,90.71019181165651,1837,89.89849520409993,89.43755004043888
2020-06-15,91.53225197165101,4216,90.40572129946614,89.66631168470778
2020-06-16,93.42904495430494,3938,91.06058687556163,90.0373693351509
2020-06-17,93.18365683830208,4928,91.83051129212691,90.503018523714
2020-06-18,92.4299206739446,3040,92.25701324997183,90.82763873497797
2020-06-19,91.54040624431906,1027,92.42305613650434,91.16077567030213
2020-06-20,90.72459595935362,3113,92.26152493404486,91.33362311675549
2020-06-21,90.64749424993953,4234,91.70521479317179,91.38290083436671
2020-06-22,90.98864622475617,2252,91.2662126704626,91.54836198129475
2020-06-23,91.2653370240862,1260,91.03329594049092,91.64515459523138
2020-06-24,92.0925202731222,3046,91.14371874625154,91.78338744137794
2020-06-25,92.10552216500011,2472,91.41990398738083,91.84071446071286
2020-06-26,93.55905624215744,2447,92.00221638582443,91.8537155894981
2020-06-27,93.29439940891947,1459,92.46336702265708,91.86478984655984
2020-06-28,96.0145685755091,4747,93.41321333294165,92.22325463671629
2020-06-29,96.6402359232741,1300,94.32275646297204,92.73323760461179
2020-06-30,95.78307836685782,3966,95.05826770334359,93.23908584536221
2020-07-01,94.71218586879671,4374,95.28889362867145,93.64555500724794
2020-07-02,95.19465828403989,3334,95.66894540369553,94.0661562131763
2020-07-03,94.97119549871404,4466,95.46027078833652,94.43674206063909
2020-07-04,95.68519599280613,4081,95.26926280224292,94.79600963260748
2020-07-05,96.15843361737967,4778,95.34433385234729,95.20130077784543
2020-07-06,96.08560470472281,1629,95.61901761953251,95.45395562410197
2020-07-07,95.2388109866544,1269,95.62784816005541,95.64839678187546
2020-07-08,93.72396376196853,3639,95.3784018127063,95.41933630052141
2020-07-09,93.27744880990151,2993,94.8968523761254,95.08305758918415
2020-07-10,94.13384760422498,2628,94.49193517349445,94.91813451292087
2020-07-11,94.34794134835519,2801,94.14440250222091,94.88171006087671
2020-07-12,93.1022025696432,3891,93.71708081881869,94.67246448943705
2020-07-13,93.27538349549438,1861,93.62736476552385,94.50288328911508
2020-07-14,93.66070087522323,4432,93.7040151785882,94.30043377735679
2020-07-15,92.77684343902209,2280,93.43261434554762,93.96227475952102
2020-07-16,92.93056854496761,3180,93.14913978487012,93.64677114354552
2020-07-17,92.98877726341361,4347,93.12645472362418,93.42176777122144
2020-07-18,91.845806965583,2799,92.8405394176419,93.23395209158288
2020-07-19,92.20359432593128,2706,92.54911810778353,93.12656664318585
2020-07-20,92.76437885229952,4019,92.546625190439,92.9896197679933
2020-07-21,93.84743009547479,3560,92.72999750054043,92.93956864270527
2020-07-22,94.90123214750969,3360,93.11248847735966,93.11947160049192
2020-07-23,93.5235627795526,1575,93.44803964015358,93.14428952889774
2020-07-24,92.58573773963748,3933,93.52446832289482,93.03679321533916
2020-07-25,93.10077300684614,3003,93.59174715380414,93.06918617212158
2020-07-26,93.61455895775835,2307,93.54517292626085,93.13758521340064
2020-07-27,94.1296066440644,4192,93.3908478255718,93.25166815146572
2020-07-28,97.98233813471911,4178,94.28260289660508,93.86532126837935
2020-07-29,98.55322864541228,2956,95.47610107776005,94.50028470032744
2020-07-30,99.68879428559288,3734,96.7937053335094,95.19272624365676
2020-07-31,100.64279604908609,3020,98.19935275177495,95.8722628390179
2020-08-01,101.29418730039188,4275,99.63226888304044,96.51155835430612
2020-08-02,100.97891805575154,3212,100.23158486724694,97.25709388192601
2020-08-03,101.7378872762448,3352,100.86851659341343,98.17230883558673
2020-08-04,100.96506206170723,4568,101.1237701486363,98.95873774107285
2020-08-05,100.72824345496723,2655,101.14085962981252,99.67010619079375
2020-08-06,100.24287990713812,2579,100.93059815116177,100.28143351710112
2020-08-07,100.32475404652443,2847,100.79976534931636,100.51567510828164
2020-08-08,102.63941261319795,3203,100.980070416707,100.9242935050602
2020-08-09,100.7721474206062,2390,100.94148748848679,101.03262881856156
2020-08-10,101.45840761098071,2742,101.08752031968949,101.11418997475101
2020-08-11,99.84569173979106,2925,101.00808268622006,100.96934041869092
2020-08-12,99.37375987400164,1619,100.81788385171551,100.80882460051593
2020-08-13,100.462710470969,2274,100.38254342326972,100.68130691998836
2020-08-14,100.52699049006446,1956,100.33351203716138,100.63749976282408
2020-08-15,99.44924571213515,2939,99.93167965739227,100.50959998854087
2020-08-16,98.73394200287518,4953,99.70932971000909,100.35870619811458
2020-08-17,99.41353975180986,3381,99.71728568557073,100.26758476864312
2020-08-18,98.68317312009272,4713,99.36137821539549,99.8719608193326
2020-08-19,98.8996317096747,1968,99.03590645931753,99.68470924823944
2020-08-20,98.94520354957851,3558,98.93509802680619,99.43338884209922
2020-08-21,98.2936032019727,2316,98.8470302666257,99.27817998831739
2020-08-22,100.43754729129802,2043,99.05183177452334,99.38455873004703
2020-08-23,101.07146631361603,1281,99.52949041322799,99.44543431431174
2020-08-24,99.04632372695842,3844,99.55882881668474,99.29736763800113
2020-08-25,99.23277804172785,4072,99.6163437151146,99.2757208709604
2020-08-26,98.57099157695946,3166,99.67182139011196,99.25942582836883
2020-08-27,99.42342491175569,2058,99.46899691420349,99.26041434436341
2020-08-28,98.63090417332299,1197,98.98088448614489,99.25518744968643
2020-08-29,98.51616773185609,3532,98.87485328712441,99.21684105190457
2020-08-30,99.02115501083655,4828,98.83252868094615,99.22443619803038
2020-08-31,99.88691020500667,2082,99.09571240655559,99.38376689833379
2020-09-01,98.68661379795088,3884,98.94835018379464,99.20867354899906
2020-09-02,98.35211256210994,2184,98.89259186155202,98.93673817384845
2020-09-03,97.87716725094899,2008,98.76479176537062,98.81982252624752
2020-09-04,97.22383801837528,3738,98.40532836687835,98.61892852391225
2020-09-05,98.98929225865638,2229,98.2258047776083,98.66075859208195
2020-09-06,99.39427396961733,2035,98.36733681194158,98.65784349786811
2020-09-07,98.13339001528229,1489,98.32359230257605,98.60809208206403
2020-09-08,99.05125196233706,1275,98.55840924485366,98.66160050511215
2020-09-09,101.17340815934969,3740,99.34832327304855,98.87682581996346
2020-09-10,102.20587341990084,3289,99.99163950529744,99.10872214145286
2020-09-11,100.68650345394683,2239,100.25008540216334,99.30871110705246
2020-09-12,100.20226938108057,2274,100.663861275323,99.49372678894953
2020-09-13,101.4691805302672,4882,101.14744698890902,99.85292811688134
2020-09-14,100.76151106464842,1125,101.06506756996876,100.20669542150866
2020-09-15,101.20533049279464,1216,100.86495898454753,100.4282992449225
2020-09-16,101.97996454622398,4377,101.12365120300296,100.68686830258316
2020-09-17,101.0530340746459,4868,101.29380414171602,100.97883270851952
2020-09-18,100.9935087185841,2208,101.1986697793794,101.17305838414421
2020-09-19,97.75224137851502,4110,100.59681584215272,100.83094170606076
2020-09-20,96.72785373718074,2246,99.70132049102995,100.28313973778874
2020-09-21,96.47528558578757,4255,98.60038469894266,99.86201795097281
2020-09-22,95.22750240382273,3542,97.43527836477804,99.36454125324703
2020-09-23,96.85991370775436,3474,96.60855936261208,98.90361457099576
2020-09-24,95.42977232979372,4249,96.14406555286783,98.37044069751028
2020-09-25,94.98972784309674,1918,95.79644037405103,97.74888043254047
2020-09-26,95.12046842038284,4499,95.5254769409701,97.06293081995636
2020-09-27,96.56174170944895,2317,95.79232480209532,96.61380158343667
2020-09-28,95.12587955826952,4923,95.44551797219836,96.02703866740521
2020-09-29,96.28904331042447,3198,95.61737216832451,95.88071886059616
2020-09-30,96.29927637144405,3431,95.87928187399396,95.8378611240225
2020-10-01,95.3177677203961,2661,95.91874173399663,95.72210933748335
2020-10-02,95.77987119465938,4884,95.7623676310387,95.77734621656701
2020-10-03,95.97893089023285,1307,95.93297789743137,95.68924793481486
2020-10-04,95.37871401307405,2359,95.75091203796129,95.68414210314289
2020-10-05,95.44851609806408,2969,95.58075998328529,95.73002092863963
2020-10-06,95.06320250120231,3793,95.52984693944653,95.72429433672157
2020-10-07,95.17671984645357,1891,95.40921666980537,95.58579215042204
2020-10-08,95.8388505209746,1374,95.38120059595371,95.65708924669255
2020-10-09,97.42486733711996,4079,95.7904312607629,95.7706716493621
2020-10-10,96.18705183829312,3033,95.93813840880873,95.759449196047
2020-10-11,98.32008521294938,2364,96.58951495115812,96.05968094530233
2020-10-12,96.36799741342688,1128,96.82777046455278,96.11849356717909
2020-10-13,96.21621231839129,2014,96.90324282403613,96.14222170999493
2020-10-14,96.80452952487586,2799,96.77917526158731,96.2848032611751
2020-10-15,97.0855213926109,3716,96.95886917245086,96.44850379062979
2020-10-16,96.4628218727903,4423,96.58741650441905,96.58846572778859
2020-10-17,96.25469962243302,2381,96.56475694622029,96.69626370538654
2020-10-18,95.7616986877742,1516,96.47385422009685,96.68854852206648
2020-10-19,95.17233393082998,2518,96.14741510128768,96.46329518143749
2020-10-20,96.02193602785101,1085,95.9346980283357,96.44678360039327
2020-10-21,96.37895151381606,2198,95.91792395654085,96.25267023047995
2020-10-22,95.6860419185554,4873,95.80419241576533,96.18447468099279
2020-10-23,96.58564179398866,4264,95.96898103700822,96.22141762855253
2020-10-24,96.89294131486527,3358,96.31310251381527,96.2302588075515
2020-10-25,97.70580343370422,2142,96.64987599498593,96.29228701166082
2020-10-26,98.33543227562784,4289,97.04117214734828,96.47954805194456
2020-10-27,97.50643726470577,3474,97.40525121657835,96.60472181617185
2020-10-28,96.9462562245088,2993,97.47737410268238,96.7231775698453
2020-10-29,97.69354982963206,4485,97.63749580563574,96.9752991597255
2020-10-30,98.30392009506552,3161,97.757119137908,97.20349756644696
2020-10-31,98.28301850110137,4216,97.74663638300271,97.3939042651755
2020-11-01,98.40034588441016,4609,97.92541810694358,97.66533466176097
2020-11-02,99.67801078019858,4719,98.47176901808153,97.97457156038196
2020-11-03,99.08643939136275,1302,98.75034693042767,98.19392136803171
2020-11-04,99.63353677253279,3791,99.01627026592112,98.38669470191456
2020-11-05,99.4313441200989,4952,99.24593538972064,98.49628588636168
2020-11-06,99.21366291687167,1587,99.40859879621294,98.66700845157825
2020-11-07,100.31243976885887,1986,99.53548459394499,99.00362680601327
2020-11-08,101.1378561178469,2863,99.94576793924182,99.34805743483476
2020-11-09,101.95136575384753,1344,100.40933373550477,99.71280200071295
2020-11-10,103.25684456100186,1813,101.17443382368536,100.210184606703
2020-11-11,103.27784840263462,2987,101.98727092083796,100.69793485852544
2020-11-12,103.95980137392958,3848,102.7167432418521,101.12611391789855
2020-11-13,103.64953461733613,4072,103.21907894174994,101.58242344049589
2020-11-14,103.97370096982456,4218,103.62354598494535,102.01643986022506
2020-11-15,103.84355791545688,2310,103.74088865583636,102.45766123976087
2020-11-16,103.9405538804496,2999,103.87342975139934,102.93035033611864
2020-11-17,104.53571090588652,2677,103.98861165779074,103.35267744982143
2020-11-18,103.71749022265304,4124,104.00220277885413,103.61064086030203
2020-11-19,105.80987749833851,2327,104.36943808455689,103.99649203475113
2020-11-20,104.8038601168388,2092,104.5614985248333,104.15119359033483
2020-11-21,103.58967150405107,3408,104.49132204955359,104.18237590047647
2020-11-22,104.74778237755113,4673,104.53373634388652,104.26117400083862
2020-11-23,105.53944507151408,4291,104.8981273136587,104.45016504625642
2020-11-24,106.16356488856623,2009,104.96886479170425,104.66915143813057
2020-11-25,106.7919103978305,1703,105.3664748479026,104.96398668636796
2020-11-26,106.7796636249836,1574,106.0044732720891,105.24789766082135
2020-11-27,105.88240925349777,2608,106.23139864727844,105.38256749558248
2020-11-28,105.9582138116915,4232,106.31515239531393,105.60663985448632
2020-11-29,105.28105210017938,4752,106.13864983763656,105.5537573146704
2020-11-30,106.25617183359714,2112,106.03150212478985,105.69898848634622
2020-12-01,106.10911445209499,1687,105.89739229021215,105.95093278115064
2020-12-02,105.28361725530247,3828,105.77763389057309,106.00451626892577
2020-12-03,104.96223141364949,3632,105.5784374109647,105.9467949031393
2020-12-04,105.37516286792511,4828,105.59725956451385,105.8679547010752
2020-12-05,104.81143831512114,3636,105.30831286081863,105.66990749280426
2020-12-06,103.9892179195547,4230,104.88433355431057,105.39086292226136
2020-12-07,104.23290513104662,1488,104.6741911294594,105.22591251001624
2020-12-08,104.47787170215534,4018,104.57731918716058,105.07787829906263
2020-12-09,103.9709285267842,2347,104.29647231893242,104.94686594172313
2020-12-10,103.49989022116588,4681,104.03416270014137,104.67123778048001
2020-12-11,103.73194015852353,4452,103.98270714793512,104.43352035112284
2020-12-12,102.2838558170262,4173,103.59289728513104,104.13354420729522
2020-12-13,100.87639204264964,1493,102.8726013532299,103.72496027019524
2020-12-14,100.1579478213972,2667,102.11000521215249,103.20323876554247
2020-12-15,99.94450066968535,2637,101.39892730185639,102.71654500099888
2020-12-16,100.25540823528337,1018,100.70362091720835,102.34316403257174
2020-12-17,101.73076445223292,4525,100.59300264424971,102.09294996469035
2020-12-18,102.58842407543493,4553,100.93540905080674,101.90400520201833
2020-12-19,102.4284855454715,4665,101.38951659562161,101.74976090388705
2020-12-20,102.40946933756882,3444,101.88251032919831,101.64071881552735
2020-12-21,101.40693997293101,2000,102.11281667672783,101.4082187969681
2020-12-22,101.38842683693862,4350,102.04434915366897,101.31867589895934
2020-12-23,101.09976819801848,1850,101.74661797818568,101.34101351449623
2020-12-24,101.42248675835657,2388,101.5454182207627,101.46746740819216
2020-12-25,100.59525581480425,2354,101.18257551620978,101.53254292270405
2020-12-26,101.11460232904543,4712,101.12410798743267,101.61846233208026
2020-12-27,102.647341242048,2367,101.37589086845455,101.71012001106178
2020-12-28,102.53858109359115,1821,101.66365344756909,101.70513571287738
2020-12-29,102.94029281569009,1454,101.96721465903579,101.75631643989924
2020-12-30,103.6304368074012,2624,102.57425085755517,101.87841318688247
2020-12-31,103.22921633551536,3772,102.99717365884916,102.06064082314091
2021-01-01,103.45330881732578,4726,103.15836717390471,102.26712902117963
2021-01-02,103.46590121810758,4136,103.34383119880799,102.50374232318855
2021-01-03,103.5635773166564,4147,103.46848809900125,102.71785137901853
2021-01-04,102.79056753280094,1710,103.3005142440812,102.93738255081819
2021-01-05,102.81507770705988,3190,103.21768651839011,103.10743008861964
2021-01-06,103.31307599830532,1916,103.18963995458603,103.17400356424537
2021-01-07,104.76421960610037,4986,103.4493036321846,103.39656741549629
2021-01-08,105.72349043218557,3875,103.88128625529043,103.67488717714585
2021-01-09,107.87667288969713,3652,104.89850732666964,104.09951078537544
2021-01-10,107.10932532680908,2496,105.7573568506195,104.4875216845048
2021-01-11,107.98164596352976,2440,106.69107084366439,104.9403553991252
2021-01-12,108.16498796926811,1304,107.37122451629793,105.41026407424127
2021-01-13,110.35479090248579,1735,108.29748461035797,106.0893854328242
2021-01-14,109.54649261713064,4568,108.63144855584467,106.76497794125717
2021-01-15,108.70677077494986,3338,108.95093764547282,107.35414724804616
2021-01-16,108.10737812950583,2963,108.97608407866805,107.83357746116621
2021-01-17,105.98348240519603,3149,108.53978296585362,107.95550374107577
2021-01-18,105.45772738351526,3009,107.56037026205954,107.92892743620874
2021-01-19,104.69859472196157,4338,106.59079068302572,107.6111196194352
2021-01-20,104.84898850843777,3914,105.81923422972329,107.38508593759806
2021-01-21,105.19074448421493,4015,105.23590750066512,107.10599578966658
2021-01-22,107.06691532343082,4693,105.45259408431207,106.99618852508283
2021-01-23,108.01733916161687,4021,105.9645164399324,106.76244335099595
2021-01-24,107.44043550595447,3889,106.51288459673097,106.55183763987834
2021-01-25,106.54202083460612,1961,106.85149106196465,106.33536264584397
2021-01-26,107.03394000611262,3989,107.22013016634419,106.22801883350465
2021-01-27,105.71370679909198,4848,106.9494884614764,106.20104127289423
2021-01-28,107.54516556494633,2026,106.8550537421423,106.40978509103734
2021-01-29,108.72460568566761,3132,107.11188777808493,106.81238618740795
2021-01-30,108.25543003356292,4865,107.45456961787629,107.15303033992048
2021-01-31,106.54229550447204,3375,107.35624071754816,107.28818544194618
2021-02-01,107.89616787863744,3863,107.79273293345727,107.37111069746683
2021-02-02,107.78162803338483,2473,107.84002542714498,107.34753958464364
2021-02-03,109.0194443453583,3501,107.8989931590831,107.50544046858401
2021-02-04,107.42501668656392,2947,107.7329104896833,107.59374005377981
2021-02-05,106.82564166361016,3676,107.78957972151093,107.57291021952956
2021-02-06,106.83088536332833,4292,107.57652321844913,107.6846280759532
2021-02-07,106.87786595709308,2177,107.39577080319077,107.61789811516788
2021-02-08,106.42780048561383,1664,106.87744203124187,107.3882175951625
2021-02-09,107.05065041796134,1011,106.80256877752136,107.26773963360233
2021-02-10,105.98302998857874,2156,106.63404644251507,107.21181308201301
2021-02-11,105.84065050355744,1303,106.43599947056089,107.00626134450499
2021-02-12,105.96094613526934,4364,106.25261550619614,106.82419315469345
2021-02-13,106.47538496932809,4022,106.26213240293899,106.56978721709042
2021-02-14,107.18699984741698,4371,106.28940228883012,106.54598553317574
2021-02-15,106.06235775557911,2763,106.30526784223018,106.46965714237263
2021-02-16,104.5282435848435,3830,106.0427864584874,106.23939296452413
2021-02-17,105.805920406742,1042,106.01178131278193,106.13219840948905
2021-02-18,106.1382344187216,1943,105.94435120266064,106.10324180279981
2021-02-19,105.38974788216504,3390,105.58490080961023,105.93715154922018
2021-02-20,106.94089985768755,2349,105.76060923003192,106.03293853613107
2021-02-21,107.05657449198041,4885,106.2662754114593,106.15453093497335
2021-02-22,108.23587167604424,3545,106.75226566531978,106.38202348905085
2021-02-23,108.30339015745436,3411,107.18529681306632,106.56482400786349
2021-02-24,110.36413808233634,1890,108.18017485310058,106.88253783135542
2021-02-25,112.11947892477954,3474,109.21589066651897,107.48824994827547
2021-02-26,111.87051477630047,2004,110.17867872338297,108.22247706742114
2021-02-27,112.84208572725483,1020,111.09992153362512,108.92609359947244
2021-02-28,113.48746167683997,1406,112.13673583750224,109.66101632528428
2021-03-01,114.85609323437232,3666,113.03512686790941,110.607650860505
2021-03-02,113.89116977379221,2014,113.38946503771197,111.30267785211547
2021-03-03,114.57722123379065,1335,113.93080632921001,112.0547425262965
2021-03-04,115.63564572064024,2838,114.48951832788707,112.79471993075609
2021-03-05,113.87690623421713,4188,114.5674072393625,113.35207153843237
2021-03-06,112.69364772155136,2147,114.13491813679832,113.58502250235388
2021-03-07,110.65441554379126,3446,113.48756729079814,113.43851616425505
2021-03-08,110.3850087093467,3840,112.64912478590934,113.28996555755967
2021-03-09,111.10255096514267,2827,111.74250583480982,113.11601208134846
2021-03-10,112.6049080172387,1714,111.48810619141413,113.02775671538832
2021-03-11,112.67900279765847,1050,111.48517720663556,112.81004767171694
2021-03-12,114.30761834322976,4854,112.21581776652326,112.85169252866069
2021-03-13,112.92751688501487,1323,112.72431940165689,112.68672209378312
2021-03-14,111.22413444565971,1788,112.7486360977603,112.24557096628507
2021-03-15,111.1685867467631,1140,112.46137184366519,111.97473901753968
2021-03-16,111.5526521957024,1469,112.23610172327396,111.86063946495476
2021-03-17,111.5199574476083,1786,111.67856954414967,111.94719365533646
2021-03-18,109.45251534756844,2825,110.98356923666037,111.85394431915863
2021-03-19,109.36339530805564,2357,110.61142140913958,111.68002875344993
2021-03-20,108.05892580755079,2916,109.98948922129712,111.22543053248114
2021-03-21,108.72859835638083,1963,109.4246784534328,110.83039008835337
2021-03-22,109.09519660247767,4055,108.93972628440667,110.30914791427817
2021-03-23,108.15531681615032,1372,108.68028657812306,109.83192790739172
2021-03-24,107.64144989881362,4635,108.33589749627465,109.4736594527071
2021-03-25,106.58223637692467,3541,108.04055961014942,109.01502441572327
2021-03-26,106.51955727965151,4610,107.59875139480354,108.51171492411818
2021-03-27,107.47469960015275,2692,107.27465199433857,108.10718913937262
2021-03-28,106.4889735538172,3798,106.94138334187195,107.8108349599975
2021-03-29,106.99302006933505,2179,106.81169737597625,107.57379743612543
2021-03-30,106.4627624509626,3338,106.7878025907838,107.4141811004666
2021-03-31,105.66988961870025,2671,106.61786905859356,107.10831022669856
2021-04-01,105.5628592587457,4215,106.23550099031218,106.75507649232536
2021-04-02,104.52761693632633,1105,105.84322966681398,106.39230650434297
2021-04-03,103.97396763097915,2443,105.2394191791428,106.02555827755953
2021-04-04,102.7760897383903,3717,104.50208463662834,105.64494361370609
2021-04-05,104.74081487130668,2681,104.31626968714963,105.4670693728716
2021-04-06,104.7760784232784,1001,104.15891352005617,105.19720725518417
2021-04-07,104.07635291528582,3636,104.06866071584807,104.95594519133101
2021-04-08,104.29033282602005,3691,104.13193375485625,104.68567646699952
2021-04-09,104.17800477632922,3137,104.41231676244404,104.45720069953617
2021-04-10,103.957035176796,4416,104.2555608235419,104.28591525534576
2021-04-11,104.57120187683942,1349,104.2145855142541,104.18674951715514
2021-04-12,105.32870958688673,4530,104.46505684857429,104.26685878221117
2021-04-13,104.7982084392762,2286,104.5666319712255,104.34928286304088
2021-04-14,104.22239019863152,4422,104.57550905568596,104.49391290906502
2021-04-15,103.94733850147988,4179,104.57356972062276,104.41456527208231
2021-04-16,101.64541733674429,4657,103.98841281260373,104.10149916342891
2021-04-17,100.13022627454573,2062,102.94871615013554,103.70688649935491
2021-04-18,101.49710054199026,3956,102.28849457067834,103.42756327095192
2021-04-19,103.14206825549155,3206,102.07243018205034,103.32396961886816
2021-04-20,102.89303221593516,4654,101.8615689249414,103.21756932278208
2021-04-21,103.46958917899093,4006,102.22640329339073,103.10740805299722
2021-04-22,103.78083933353447,3359,102.95652590518849,102.95262102766199
2021-04-23,106.85972014198971,4312,104.02904982518837,103.15877219793336
2021-04-24,107.97929505342428,1444,104.9964951847749,103.53446268341263
2021-04-25,107.85137746194351,3345,105.98816423397659,103.92486657945899
2021-04-26,106.89583702134308,1951,106.67341380244702,104.44990854791888
2021-04-27,105.28939070108552,1035,106.97512407595723,104.96582499057286
2021-04-28,105.49285433695275,2107,106.70175091494984,105.3654003700691
2021-04-29,104.73650359166844,2475,106.05319262259866,105.52484390368679
2021-04-30,103.31424988207077,4957,105.1457671066241,105.56696567030035
2021-05-01,102.66767699782824,2798,104.30013510192116,105.48677445218406
2021-05-02,101.58612899421384,2845,103.5594827605468,105.267303418252
2021-05-03,103.2732706292864,2408,103.11556601901354,104.90865846698168
2021-05-04,104.15491038623585,2195,102.999247377927,104.52622000026284
2021-05-05,104.14693774491924,2399,103.16578495049671,104.15577602856042
2021-05-06,105.62688188380926,2708,103.75762592769293,104.02888051480704
2021-05-07,105.70425019145688,2385,104.58125016714152,104.07036646384418
2021-05-08,104.84296599012862,3606,104.89518923930999,104.00537762916174
2021-05-09,106.36609006739828,3938,105.33742517554245,104.16833627673475
2021-05-10,106.90500011108294,3188,105.88903764877519,104.52741129963594
2021-05-11,105.86775395675649,3934,105.93721206336465,104.84741899552878
2021-05-12,105.67741527867287,4989,105.93184508080783,105.25654762397468
2021-05-13,104.80179702528811,4189,105.92361128783973,105.40940026357484
2021-05-14,103.41899729432377,2300,105.33419273322484,105.33580895438365
2021-05-15,104.34517484185542,3773,104.82222767937932,105.35563266407726
2021-05-16,106.25459148232555,2243,104.89959518449314,105.41840362392891
2021-05-17,104.85602390850642,4976,104.73531691045987,105.33358099563384
2021-05-18,105.41899314519698,4097,104.85875613444163,105.39118371114068
2021-05-19,104.76835057607515,1520,105.1286267907919,105.23140976200837
2021-05-20,104.28122519231046,2806,105.11583686088291,104.96903227013112
2021-05-21,103.6888312680716,1009,104.60268481803212,104.75114000126264
2021-05-22,102.82484049839178,1983,104.1964481360092,104.46588252323451
2021-05-23,102.8733621263366,3425,103.68732193223711,104.27303903333936
2021-05-24,102.04241200992556,2656,103.1421342190072,104.13538050489956
2021-05-25,102.3128688357054,2660,102.74846294768618,103.93214990428456
2021-05-26,102.26263072625626,3729,102.46322283932314,103.53295382867762
2021-05-27,102.02368267938985,3631,102.30299127552273,103.24971970576595
2021-05-28,101.11611901734825,3199,101.95154265372507,102.81943229298108
2021-05-29,100.53934768677992,1719,101.65092978909595,102.39653200405156
2021-05-30,101.29473891260568,2072,101.447303804476,102.09788337608109
2021-05-31,101.79565610023006,4225,101.35390887927075,101.90856585929694
2021-06-01,100.81810085543151,1858,101.11279251447908,101.70789189500091
2021-06-02,100.91743316086074,2316,101.07305534318158,101.51229899845332
2021-06-03,101.66882028423252,2603,101.29894986267212,101.47493982588402
2021-06-04,99.99941500311115,1049,101.0398850807732,101.2435944426246
2021-06-05,100.54277519549109,3711,100.7893088998254,101.07160888954807
2021-06-06,99.88015143654525,3578,100.60171901604815,100.85725576526362
2021-06-07,100.4507501051384,4683,100.50838240490368,100.79071887404264
2021-06-08,99.68749094859588,4131,100.11211653777636,100.70553320022422
2021-06-09,97.88260884793137,4238,99.68875530674039,100.3643201937568
2021-06-10,96.2550664100482,4273,98.83121354965182,99.81026122473861
2021-06-11,96.30315135670958,3904,98.11581353368469,99.35876627486641
2021-06-12,96.56287385843106,1145,97.33823828434322,98.92331034462345
2021-06-13,95.65855723332666,1914,96.53245154128936,98.32228403953286
2021-06-14,96.29714969210403,4747,96.2153597101239,97.95205750843215
2021-06-15,94.63562962983507,4040,95.89147235408129,97.36134295186655
2021-06-16,94.56954983118776,2462,95.54475204897692,96.8302827913308
2021-06-17,93.3585336314253,3289,94.90388400357577,96.1210611439595
2021-06-18,92.70669752362313,1580,94.31351206163507,95.42298180146221
2021-06-19,92.75409619493955,3734,93.60490136220217,94.91013053616304
2021-06-20,91.8936828296556,2584,93.05651200216627,94.47399217812378
2021-06-21,91.50912728542578,1482,92.44442749301388,93.99458977099539
2021-06-22,92.51542009464022,4179,92.27580478565685,93.5898443946163
2021-06-23,91.93852822511707,2249,92.12217092595564,93.21784149379536
2021-06-24,92.77422033718221,1672,92.12619575440416,92.86554855830317
2021-06-25,91.64451348252459,1630,92.07636188497797,92.56643694357211
2021-06-26,92.17431766043987,3708,92.2093999599808,92.32691372649734
2021-06-27,93.61588628109777,1661,92.42949319727231,92.35264899146458
2021-06-28,91.14424178097049,4503,92.27063590844298,92.19640341719932
2021-06-29,90.34734652550001,3852,91.78526114610655,91.95572845025536
2021-06-30,90.92441865268054,4726,91.64124218013774,91.85880203255786
2021-07-01,90.72137326663756,3466,91.35065330137726,91.78002663067903
2021-07-02,91.09251914000886,1987,90.8459798731595,91.63773653521591
2021-07-03,90.48853395329304,4526,90.714838307624,91.49273710803348
2021-07-04,90.57512374076595,4231,90.7603937506772,91.27282744839187
2021-07-05,90.41944650537386,2546,90.65939932121586,91.1503207506768
2021-07-06,91.58722856703366,1649,90.83257038129508,91.09161184133617
2021-07-07,91.84164941033488,1968,90.98239643536029,90.91418815425989
2021-07-08,92.17925207241008,3637,91.32054005918368,91.01768918340385
2021-07-09,91.76737510628762,2100,91.55899033228802,91.1596920414826
2021-07-10,91.27976888221512,3556,91.73105480765626,91.19522706443607
2021-07-11,90.8472106943955,1440,91.58305123312864,91.20781080721186
2021-07-12,91.2416628367738,4325,91.46305391841642,91.22272517688835
2021-07-13,90.82067835595353,1920,91.19133917512512,91.2559396171544
2021-07-14,91.11045321284995,1769,91.0599547964376,91.30947256436279
2021-07-15,93.1858540114954,2343,91.44117182229363,91.58611331497495
2021-07-16,94.05697871492708,2826,92.08312542639995,91.83308832976431
2021-07-17,93.73095518275925,1262,92.58098389559703,92.02201890700672
2021-07-18,94.93216910492319,4668,93.40328204539097,92.29731061025805
2021-07-19,94.52409373190163,4729,94.08601014920131,92.57298247281945
2021-07-20,92.48596919672377,4906,93.94603318624699,92.69360250427032
2021-07-21,91.47788288580638,2577,93.43021402042284,92.7566697234114
2021-07-22,89.60709096478053,4445,92.6054411768271,92.59321253621206
2021-07-23,89.2555774807392,3684,91.4701228519903,92.43670244869064
2021-07-24,89.27399585992876,4238,90.42010327759571,92.25305671339852
2021-07-25,90.95043317220404,4824,90.11299607269177,92.02951462946939
2021-07-26,91.27736054596821,3506,90.07289160472415,91.7515528125735
2021-07-27,91.05826001715934,1998,90.3631254151999,91.4842832960135
2021-07-28,91.88766559834283,4351,90.88954303872063,91.17983294535547
2021-07-29,89.67653028933495,1699,90.97004992460187,90.6950766010988
2021-07-30,89.91214484744351,3349,90.76239225964977,90.43769416617077
2021-07-31,90.68301004133048,4602,90.64352215872222,90.35820688172319
2021-08-01,89.20442379555064,2603,90.27275491440048,90.3179401648002
2021-08-02,90.34817783875756,2241,89.96485736248343,90.42720020060203
2021-08-03,90.68667424625198,2125,90.16688615386684,90.56846803923436
2021-08-04,90.27138633235118,3601,90.23873445084837,90.50056335524907
2021-08-05,90.90416819845747,3335,90.28296608227376,90.46324412049799
2021-08-06,93.17486105626186,2190,91.07705353441602,90.67490422440825
2021-08-07,93.35672731132036,3668,91.67876342892858,90.82181039570601
2021-08-08,93.60494789762069,2005,92.26241815920231,91.21465215653458
2021-08-09,93.14558699808045,1035,92.83725829234815,91.53799637159827
2021-08-10,92.29574262861566,1743,93.1155731783798,91.69926963032678
2021-08-11,93.1260784451599,2764,93.10581665615942,92.09143509528772
2021-08-12,92.26999461925104,1352,92.88847011774554,92.28361677333706
2021-08-13,92.34156085647042,4747,92.6357927095155,92.4491054343589
2021-08-14,91.86390340970532,2922,92.37945599184046,92.60835714209432
2021-08-15,92.34288323545171,1072,92.38888411320768,92.75222864579374
2021-08-16,92.67654534073866,3695,92.29897749232342,92.70239707424142
2021-08-17,93.71408528499654,2376,92.58779562547252,92.73813287160904
2021-08-18,93.2040688861418,2914,92.7602972314068,92.69804497046115
2021-08-19,92.93419395084842,2093,92.97435533963542,92.67690566573795
2021-08-20,91.95543023506613,3472,92.89686473955831,92.64287442638299
2021-08-21,91.51113697499001,4046,92.66378306640858,92.481380279366
2021-08-22,91.88843746803487,1707,92.29865350301625,92.44322456424439
2021-08-23,92.64542608468022,2804,92.18692494272393,92.47361108706538
2021-08-24,91.7232607605026,3608,91.94473830465476,92.45954682214509
2021-08-25,92.59286668060825,3875,92.07222559376319,92.48454516666075
2021-08-26,93.94850453941321,4713,92.55969910664784,92.61174108652821
2021-08-27,94.36193944263691,1955,93.05439950156824,92.67652650229225
2021-08-28,96.23873525519497,3564,93.7730613356712,92.97999313919755
2021-08-29,95.46494605609139,3475,94.52139839478895,93.23306834972186
2021-08-30,94.22029135277998,4610,94.84688332922329,93.45955446149324
2021-08-31,92.4415711038757,1159,94.5454966421158,93.5525978743818
2021-09-01,93.93761541536489,3196,94.46063183666139,93.75751566911481
2021-09-02,94.59198107171895,3823,94.1312809999662,93.95217116781868
2021-09-03,94.53639640080848,4301,93.9455710689096,94.23348473184927
2021-09-04,94.81636502712831,2735,94.06478580377927,94.45583456650128
2021-09-05,93.69087597982993,2585,94.31464677897011,94.43007171054296
2021-09-06,96.13662795944676,1066,94.75444928778649,94.60754056222393
2021-09-07,96.26584914142198,4061,95.08922290172708,94.61025195084665
2021-09-08,96.37524393602688,4883,95.45699240877077,94.70128173884018
2021-09-09,97.10101055992557,3428,95.91392151533022,94.98935365955474
2021-09-10,97.58201979166229,1057,96.6921502776967,95.5033985283334
2021-09-11,97.80590381594142,4330,97.02600544899562,95.89022736839107
2021-09-12,97.0154293604961,1341,97.17592149281045,96.13257219726879
2021-09-13,97.4868977176321,4909,97.3982522491315,96.42762232895113
2021-09-14,99.36892221410713,2153,97.8518345799678,96.88287804764903
2021-09-15,100.71434226026211,3774,98.47829907368778,97.58522467569223
2021-09-16,102.30752888690151,2195,99.3786240878798,98.2023147684377
2021-09-17,101.79631321047032,3817,100.33480085787464,98.75536117534254
2021-09-18,100.80670839021174,3661,100.99876299239057,99.19850762076103
2021-09-19,100.6809214701121,2232,101.26116284359156,99.55649871177968
2021-09-20,100.73664638240079,4874,101.26562366801929,99.87196137085353
2021-09-21,101.83083790087174,3401,101.17028547081334,100.27445477934656
2021-09-22,100.13837327115692,2494,100.83869748295065,100.58674917041265
2021-09-23,101.66792359061753,2821,101.0109405230318,101.0048517577112
2021-09-24,101.50991569203855,1115,101.17673936741711,101.21895110550432
2021-09-25,101.08303462209112,4335,101.24601701535516,101.25582034168724
2021-09-26,100.07093024683095,1661,100.894035484547,101.03216047768018
2021-09-27,98.41607357496518,4883,100.54957554530867,100.69413651412967
2021-09-28,99.2392441589271,2465,100.06383965897058,100.5373900910012
2021-09-29,99.31256212611551,4619,99.62436894578596,100.40055415660154
2021-09-30,98.02260122637445,3500,99.01228226664264,100.12914964099892
2021-10-01,96.72752245431083,2868,98.34360070813861,99.61881809634282
2021-10-02,96.3917377550207,4548,97.93873354414971,99.24415454472918
2021-10-03,98.0607592803101,3334,97.70303656842631,98.88343811369845
2021-10-04,97.8011679289465,4374,97.40075772899252,98.51256333738925
2021-10-05,96.29802497582838,2016,97.0558424788833,98.03406237276297
2021-10-06,96.05228191174244,1310,96.92079437036962,97.63219753925412
2021-10-07,95.77955834199477,1207,96.79835848776443,97.36854601595708
2021-10-08,93.08267169905321,3665,95.80274097151306,96.75288876996969
2021-10-09,93.02837683253539,3493,94.84818275223083,96.12447024061167
2021-10-10,92.79744230232671,3717,94.1480662175305,95.6019543482069
2021-10-11,93.49364866714014,1632,93.63633956861005,95.27856696948983
2021-10-12,95.34260476208547,3102,93.54894885262817,95.17365367019632
2021-10-13,96.46916979163323,3959,94.22624847114419,95.01449472132863
2021-10-14,96.2002811010784,4083,94.8606293248528,94.85440603854181
2021-10-15,95.09375519233673,1656,95.3198919028548,94.73397906019264
2021-10-16,97.66711499558659,2423,96.15458516854407,94.89546236857707
2021-10-17,97.72633342960108,2931,96.63133090204721,95.09013987733769
2021-10-18,97.74026272151403,4719,96.88554948802337,95.55589897958377
2021-10-19,97.71613763440402,4027,97.18872079468849,96.02467505977064
2021-10-20,97.91422239517188,3562,97.75281423525551,96.53635306905515
2021-10-21,97.76986198324794,2679,97.77336363278778,96.96397440066593
2021-10-22,97.1961999763677,4613,97.66733694214112,97.14933392209416
2021-10-23,96.6493410351273,1236,97.44915260486377,97.16735104644356
2021-10-24,96.61658776491132,4350,97.22924263096523,97.20898171282685
2021-10-25,96.07316299377754,1347,96.86103075068635,97.30692249297094
2021-10-26,95.36031721110038,3674,96.37912179625685,97.07624271452231
2021-10-27,95.46674743879228,4175,96.03323128874176,96.85028411544144
2021-10-28,95.21177022137142,1629,95.74571712599058,96.59743486542718
2021-10-29,96.7157632099541,2540,95.76555221499913,96.49739742298219
2021-10-30,94.0647934015611,3003,95.36387829655585,96.11245452362111
2021-10-31,95.15630025348356,4943,95.32307490503248,95.85109835064468
2021-11-01,96.4023854459812,2271,95.51020250647028,95.77171689760601
2021-11-02,94.32899521357304,1363,95.3336475049106,95.53968231545059
2021-11-03,93.98630761949269,3368,94.78775638681832,95.27665430090875
2021-11-04,93.6148667534969,4704,94.69777105720547,95.03082467688066
2021-11-05,92.20735505877907,1285,94.10798201826458,94.71552846164855
2021-11-06,91.4295383711882,1148,93.11341260330599,94.31180755488813
2021-11-07,90.31896252572237,2107,92.31140606573584,93.82252678532322
2021-11-08,92.071232969146,3453,91.9283911356665,93.35807376124241
2021-11-09,93.00691136229345,4025,91.80680005742582,93.25228555731564
2021-11-10,94.27846645728762,1455,92.22102233712754,93.16450217769605
2021-11-11,95.00013852133085,2766,92.93514236715606,93.02427748523101
2021-11-12,93.87108675011362,1799,93.64556721203431,92.97848663888507
2021-11-13,93.34656648383385,2184,93.90063391497188,92.9145125253192
2021-11-14,93.83594104506177,2012,94.06643985152554,92.93661995447567
2021-11-15,92.61381323616982,3831,93.73350920730198,92.97726577221475
2021-11-16,93.32681166634221,3507,93.39884383630427,93.16699310173016
2021-11-17,93.08648626818407,4621,93.24192373991835,93.44374547597633
2021-11-18,92.71166546063448,2523,93.11494353527847,93.50778872512518
2021-11-19,93.42262542883797,3785,93.03228041203371,93.54936013177962
2021-11-20,93.86688874032401,3556,93.28289551286454,93.50820236008327
2021-11-21,93.50592257450492,4725,93.31871769449708,93.35878076540067
2021-11-22,94.66525237786918,4875,93.63447091643411,93.43819732817624
2021-11-23,93.58418905026927,1480,93.80897563436108,93.46195958481978
2021-11-24,94.20012465721354,2686,93.96447548003619,93.49837794603494
2021-11-25,94.79322591518192,3161,94.14974291500776,93.71631921393616
2021-11-26,94.48367947586793,3796,94.34529429528035,93.83200599488873
2021-11-27,94.80981249811005,2601,94.37420631932855,94.00433861788133
2021-11-28,93.55869892172475,3408,94.36910829361963,94.08904196399035
2021-11-29,94.48272594093166,1340,94.42562855036326,94.19505201519972
2021-11-30,94.29782380448866,3817,94.32654812822462,94.23814552161619
2021-12-01,93.77510078396962,3010,94.18483238984496,94.26506334256267
2021-12-02,94.82411000980652,3808,94.18769189218423,94.28094910575638
2021-12-03,94.11976631926375,4016,94.29990537169203,94.33450683265585
2021-12-04,92.71130502290019,3496,93.94562118808574,94.18562486922451
2021-12-05,91.15467584937629,2866,93.31699159706326,93.82176986264395
2021-12-06,91.76068580072193,1834,92.91410860041374,93.54947049512933
2021-12-07,90.48025644822565,2203,92.04533788809756,93.1165148901409
2021-12-08,92.23505063021001,2725,91.66839475028682,92.98415006098942
2021-12-09,90.15312122232629,4478,91.15675799017204,92.5511895891289
2021-12-10,91.84957759061632,2689,91.29573833842004,92.30636496774166
2021-12-11,92.06059505781894,4267,91.35572018983945,92.13491439512659
2021-12-12,91.96388194594856,4537,91.65244528938402,91.8488915887408
2021-12-13,91.4189628591396,1310,91.48922773516995,91.57881124272838
2021-12-14,91.81809897349167,1261,91.82222328540301,91.48949063778753
2021-12-15,91.78046427106682,2442,91.80840062149312,91.55206947995659
2021-12-16,92.88376615308334,1405,91.97303484054599,91.66437751519273
2021-12-17,92.99799380174538,3190,92.17985721170535,91.9161512505447
2021-12-18,93.14829556320727,1341,92.5257237525189,92.00747574384442
2021-12-19,92.7846833509934,2339,92.71904062801926,92.27063195671113
2021-12-20,92.72773772727234,4172,92.90849531926035,92.35844797037673
2021-12-21,93.0355394961644,1243,92.93884998787657,92.45594241421126
2021-12-22,91.32537110350778,1489,92.60432544822905,92.3920913299672
2021-12-23,89.97718568140206,1011,91.97010347186799,92.24791361219346
2021-12-24,90.72044977542478,4310,91.55725675675427,92.13814869238675
2021-12-25,90.89131521355272,1560,91.18997225401036,92.04923378663536
2021-12-26,90.70733187720003,1041,90.72433073021747,91.83159035904701
2021-12-27,90.72576581026543,3725,90.604409671569,91.60436755989903
2021-12-28,91.0733475156271,1593,90.82364203841402,91.396872755141
2021-12-29,90.53358783531775,2452,90.7862696503926,91.17176320357343
2021-12-30,89.75528310991542,2826,90.55906322966516,90.87451774183775
2021-12-31,89.95112836501312,4229,90.40782252722776,90.56607662872261
2022-01-01,88.97275558739808,4287,90.05722048265429,90.33081507711165
2022-01-02,89.38100834311255,2693,89.71875264815138,90.2711973432827
2022-01-03,87.67842473887471,4533,89.14772002886278,89.96699483962769
2022-01-04,88.70758037620035,1133,88.93817948211976,89.74862135589245
2022-01-05,89.1801778586134,4138,88.78398938083983,89.5959059540338
2022-01-06,89.43620759292727,4919,88.87667978194567,89.46695013229998
2022-01-07,90.41889857687279,4078,89.0842578286977,89.40150523842455
2022-01-08,92.08437302133537,1947,89.96544748518984,89.55658375702632
2022-01-09,93.0987430863535,4597,90.84368002722047,89.89092975467011
2022-01-10,91.25786885502185,1072,91.25921822650216,90.021603803671
2022-01-11,89.97829188828615,1398,91.36763508557394,90.1221574337598
2022-01-12,89.35347331059047,2428,91.15455003231747,90.11940393050759
2022-01-13,89.3795643608013,4746,90.61358830021065,90.28951789270025
2022-01-14,89.89722338127042,3625,89.97328435919404,90.40848219320725
2022-01-15,89.17147956811696,3906,89.55600650181307,90.4076123641576
2022-01-16,89.35824633259404,1129,89.43199739067464,90.39981623812427
2022-01-17,88.60286340024072,3978,89.28187540860469,90.21821272046108
2022-01-18,87.99134559724877,4537,89.00423165589419,89.80890997805241
2022-01-19,86.58468450040054,4277,88.3417238797202,89.15750411945712
2022-01-20,85.66145125428964,2811,87.63971821695475,88.59786235938391
2022-01-21,84.3097666486733,3001,86.6300222801706,88.03100983542262
2022-01-22,83.33389339569598,4839,85.57622827926166,87.42905184393317
2022-01-23,84.38753519230382,1265,84.85546619827265,86.92984892708341
2022-01-24,83.43813630347188,2560,84.22615655888693,86.28394021930356
2022-01-25,86.07051836830927,2985,84.30796998169085,85.9738440993228
2022-01-26,86.56383626919015,1792,84.75878390579422,85.69440309298241
2022-01-27,86.74867239288503,3300,85.44173970523202,85.50898399224684
2022-01-28,85.8903146127038,3869,85.74229558931202,85.29888089379234
2022-01-29,86.5906244921128,2312,86.3727932270402,85.29947489296356
2022-01-30,86.01498666587503,1163,86.36168688655337,85.3348284341221
2022-01-31,86.1369964805204,1094,86.2763189288194,85.5175514173068
2022-02-01,88.69708101878919,2805,86.66600065400024,86.05387017961614
2022-02-02,88.60102111906454,3880,87.2081419552724,86.47521877229221
2022-02-03,89.7502944453502,2133,87.84007594591986,87.10643458648005
2022-02-04,89.04711802022432,3383,88.44650221678972,87.40409455167155
2022-02-05,89.01212952972736,1821,89.02152882663111,87.64892387772527
2022-02-06,90.78293016536287,1237,89.43869865594586,88.05234965497304
2022-02-07,90.1559631075751,3428,89.74968705364797,88.47891450446018
2022-02-08,91.96841166557203,4507,90.19331049769235,89.01669322180611
2022-02-09,92.67616360102751,3946,90.91911961385298,89.68281091532135
2022-02-10,92.11369682513325,3530,91.53943307293414,90.28048094978264
2022-02-11,92.74610456418876,2960,91.93206795269933,90.68538330432258
2022-02-12,93.7186590138155,3949,92.6446071339474,91.19714709379768
2022-02-13,94.34046897603268,2048,93.11901859603952,91.65616454686594
2022-02-14,92.77024425614223,2676,93.13783472706248,92.02847717045772
2022-02-15,92.04310708031736,4188,93.12371677809931,92.33157492551672
2022-02-16,91.79558844476585,3529,92.93361355421472,92.43284075345704
2022-02-17,91.72115501566581,4463,92.53411275458478,92.58935994426609
2022-02-18,92.34182711321648,3964,92.13438438202155,92.62670148903054
2022-02-19,92.51952811414975,4041,92.08424115362305,92.61103794034277
2022-02-20,91.18418375543965,1963,91.9124564886475,92.5180866333734
2022-02-21,91.56438160644561,1536,91.86621512098347,92.39991433759909
2022-02-22,92.17496735172944,4150,91.95697758819618,92.24554517139049
2022-02-23,92.73475779966047,2603,92.03556372548499,92.08497405375326
2022-02-24,93.81553852521509,4244,92.29476580769804,92.18950348066055
2022-02-25,94.64946067976399,2979,92.98782119256292,92.45013884060522
2022-02-26,95.10864075899244,4083,93.6966730230723,92.78144407202787
2022-02-27,95.03847504753378,4871,94.26937456223315,93.11317607521467
2022-02-28,93.3775141140178,1127,94.39792582510462,93.2167447752948
2022-03-01,93.80713233315038,4679,94.39624458669168,93.34550519719485
2022-03-02,94.0148200203135,1091,94.26931645480158,93.62856882368224
2022-03-03,94.28639885750886,4724,94.10486807450486,93.90077054878857
2022-03-04,93.00965028168855,1542,93.69910312133581,93.98423884178447
2022-03-05,91.9285937412803,1845,93.40931904678831,93.90362243594646
2022-03-06,92.9817465946132,4603,93.24424189908088,93.82024324288628
2022-03-07,92.94219144075655,2681,93.02971618316948,93.64951631898552
2022-03-08,93.62369213812916,4036,92.89717483929356,93.50102145689921
2022-03-09,93.65201051425963,2851,93.02564688580776,93.3623750035718
2022-03-10,93.68176665375537,3494,93.37628146830278,93.39280025754555
2022-03-11,94.62005045973137,1389,93.70394224132642,93.47409207020364
2022-03-12,94.104005731514,3719,93.9363050994779,93.4830106413237
2022-03-13,94.20012650845499,2884,94.05159197354307,93.47438340641831
2022-03-14,93.73785121974994,1042,94.06876011464114,93.54720350022446
2022-03-15,93.30335499231762,1253,93.99307778235358,93.68467962532819
2022-03-16,92.99418286884898,4201,93.66790426417711,93.68592325275175
2022-03-17,93.21631664048269,2083,93.49036644597084,93.71333577272438
2022-03-18,92.73756801881922,3710,93.19785474804368,93.62472336079338
2022-03-19,93.99332414439274,3514,93.24894933297226,93.65885472380668
2022-03-20,93.09871684217323,3334,93.20802170294337,93.60054974264848
2022-03-21,92.91184519801187,4058,93.19155416877595,93.42972921647653
2022-03-22,92.4721141397377,2540,93.04271366862696,93.2665400572989
2022-03-23,93.91909202409143,4538,93.2790184696814,93.23843660886254
2022-03-24,94.115646800603,2953,93.30348300092344,93.27621616694785
2022-03-25,95.14749134007164,3825,93.71323790050313,93.46062980172326
2022-03-26,93.66193096703466,3392,93.86325505430769,93.52740461154183
2022-03-27,93.92898123290392,1641,94.15462847294093,93.59867107078394
2022-03-28,94.81861202852737,3429,94.33453247382812,93.80677547175476
2022-03-29,94.9008960178028,4850,94.49158231726808,93.89753265909576
2022-03-30,95.96637639286814,1689,94.65535932782737,94.18429861416526
2022-03-31,95.44908794276776,2276,95.012790722974,94.43802288864084
2022-04-01,96.85843538295335,2950,95.59868155298389,94.8766550129624
2022-04-02,99.1573335065726,2079,96.46642584859293,95.40047916121053
2022-04-03,98.79449494613294,2486,97.24514563425896,95.86836397576351
2022-04-04,98.34899242473217,1456,97.72166884063176,96.18851408422957
2022-04-05,99.80237690184987,1982,98.59232663244818,96.8025586777111
2022-04-06,101.38194904758058,3130,99.49702936537363,97.54785545917875
2022-04-07,100.85908902042732,4976,99.83738046814457,98.15190315836875
2022-04-08,100.43890220333145,2122,100.16626191958429,98.70570377692162
2022-04-09,100.15711759447095,1148,100.52788695353203,99.1247778970819
2022-04-10,98.81266708343666,2352,100.3299449898494,99.4611358111488
2022-04-11,97.89401513695248,2179,99.63235820772377,99.5646937865487
2022-04-12,96.8898743702004,1189,98.83851527767838,99.33794787291149
2022-04-13,96.12207680509627,4565,97.97515019803134,99.07070605880781
2022-04-14,96.0873919177095,1882,97.16120506267906,98.84454600810554
2022-04-15,96.32160665024601,3310,96.66299297604093,98.49646898294516
2022-04-16,97.87210714306009,4151,96.65861137726246,98.14548479249312
2022-04-17,96.8737531023213,1399,96.65538712368664,97.74695120068252
2022-04-18,97.85807550079788,3811,97.00258686282696,97.48886853042916
2022-04-19,97.64408665657238,1608,97.31392581059953,97.2375654366393
2022-04-20,97.59462294691994,4331,97.56852906993433,97.11576102298763
2022-04-21,98.26944243908655,2795,97.64799612913961,97.15330375320103
2022-04-22,97.14672041752425,2638,97.7025895921802,97.17898835793342
2022-04-23,97.5291301637083,2575,97.63680052476228,97.31969369379462
2022-04-24,97.69558237192136,3832,97.64709966783208,97.48051273921581
2022-04-25,98.1880336359295,3148,97.76578180563399,97.66715543778415
2022-04-26,98.47720227983733,2382,97.80733377378415,97.72766495146188
2022-04-27,100.93250241974822,2403,98.56449017422895,98.13353988320458
2022-04-28,100.2947624354969,1819,99.11761662858666,98.37720857667446
2022-04-29,99.76376548049508,4292,99.5312532503014,98.58917645906675
2022-04-30,99.14062495407032,1819,99.72177151392957,98.74377665978179
2022-05-01,98.58514783491006,1419,99.74336062494412,98.77534719936413
2022-05-02,97.94776070760355,1123,99.14641228251519,98.85545122837206
2022-05-03,99.1367772387111,1421,98.91481524315802,99.01621593587234
2022-05-04,100.55728148670096,4302,99.0735184443992,99.3023858473503
2022-05-05,99.98653519295148,4761,99.24270049217543,99.4822360030525
2022-05-06,99.15417961984726,4134,99.35650684916286,99.5499337370535
2022-05-07,99.62559517623366,2508,99.69207374288888,99.41924301270203
2022-05-08,99.07337213195268,4699,99.6793927215372,99.29710398234762
2022-05-09,99.70630394970819,4774,99.50919721413865,99.29135782926893
2022-05-10,99.90922697055949,2597,99.49373556966026,99.36821803091784
2022-05-11,98.39348285556225,1767,99.34159621680325,99.34905153298305
2022-05-12,99.94098805689232,3044,99.40467479293498,99.54837426791195
2022-05-13,101.73686572998784,3530,99.93737351254202,99.80838311703961
2022-05-14,101.12407703950346,3566,100.22092813050106,99.86506267231987
2022-05-15,100.73637547956747,3202,100.38635783230266,99.94004670098147
2022-05-16,101.02224087029238,3139,100.9121094352487,100.12685282602598
2022-05-17,101.35669766027941,4029,101.19525135592612,100.29996307443055
2022-05-18,102.01524193295224,2549,101.250926596519,100.5941500545305
2022-05-19,104.02544647171858,3502,101.83120048296202,101.02606430673154
2022-05-20,103.84849924422453,2764,102.45362523589343,101.41999153409805
2022-05-21,103.05020199968608,3044,102.85921746177216,101.88566344851043
2022-05-22,101.67088277167156,3645,102.92205448405059,102.05865291998835
2022-05-23,100.93995273172963,4716,102.70699664380606,101.97896162016254
2022-05-24,100.90682575885583,1509,102.08327250123352,101.95723649209776
2022-05-25,102.70138362237363,2206,101.85384937686335,102.15373730637839
2022-05-26,102.18377232333745,1385,101.6805634415936,102.26989045168288
2022-05-27,102.40756027497635,2597,101.82789894225458,102.37497671315259
2022-05-28,102.3911373789036,4802,102.11813587168936,102.41256625774773
2022-05-29,103.57953065235168,3452,102.65267685038854,102.36797467581104
2022-05-30,106.1064630782253,3293,103.33369274155886,102.59377105921112
2022-05-31,105.57559430530499,1741,104.01205713795238,102.84631028977302
2022-06-01,105.08615486278676,4662,104.54777605551446,103.1878374988845
2022-06-02,106.13031573985583,3708,105.29561172770491,103.70687379969714
2022-06-03,106.81220722948214,3697,105.94214704313102,104.29741194675978
2022-06-04,108.65891455521817,4542,106.45263733852957,104.89316504004424
2022-06-05,109.24284274054415,4897,107.1860870255774,105.59907208176489
2022-06-06,108.88355064975708,2911,107.94556618297148,106.24667111924298
2022-06-07,109.4742054804494,2446,108.61434413109018,106.95497792939754
2022-06-08,110.5829090610323,1900,109.3684844974002,107.65531577026562
2022-06-09,111.40339124222967,3112,109.91737983480252,108.18500858666604
2022-06-10,111.91066527333696,4084,110.45094434136108,108.81851568346924
2022-06-11,112.97733996292612,3260,111.2697022039949,109.60763419348318
2022-06-12,114.1466355533718,3009,112.20418821857936,110.40926617483478
2022-06-13,115.52879454440932,1241,113.19336531525478,111.2809249063275
2022-06-14,116.17750443199895,3540,114.14818795320863,112.03278389400558
2022-06-15,116.01038635168211,4284,114.96813216887767,112.70953825511938
2022-06-16,116.15710003811543,4764,115.60408418391553,113.43689319395521
2022-06-17,117.36360900462378,3385,116.24747887416592,114.22583354637263
2022-06-18,116.54667333363655,3020,116.45105463201136,114.82220997363306
2022-06-19,116.91534664250945,1172,116.59862307411345,115.37340551366106
2022-06-20,116.52200783018209,1671,116.70094736981346,115.83453976934557
2022-06-21,116.55075265311692,1163,116.77967789281374,116.19188103836464
2022-06-22,117.8292045157242,1464,116.87279699503384,116.56013793459988
2022-06-23,118.02030358374411,4042,117.16752304505535,116.80928883853335
2022-06-24,118.06674013190026,1496,117.39780174293351,116.9982124085235
2022-06-25,116.70688399092035,1699,117.43477697508118,117.0678621724473
2022-06-26,117.45313755694755,3442,117.6152539558473,117.19746592433053
2022-06-27,118.09862173808864,1702,117.66913740032018,117.27096719767701
2022-06-28,120.2618764613941,2940,118.11745197585019,117.64248751045277
2022-06-29,119.95409822644109,3355,118.49492359475835,117.94636266884592
2022-06-30,120.17324855410503,2791,119.18819650739529,118.31148674123821
2022-07-01,120.42263223781579,1182,119.78209544356893,118.6986746997081
2022-07-02,122.00008551757927,1628,120.56238819946707,119.1157627998936
2022-07-03,121.90478998519231,4865,120.89097090422669,119.50421144003845
2022-07-04,122.18381151096264,3557,121.336913561131,119.91591857794467
2022-07-05,122.79170802067918,2731,121.86060545444585,120.52440098092056
2022-07-06,122.97831714383554,1545,122.37174243564978,121.07691893960934
2022-07-07,122.53188352928501,2587,122.47810203799095,121.52024511872898
2022-07-08,122.72597352218332,1623,122.64233874538914,121.76665482480792
2022-07-09,123.7996052720431,4835,122.96549749760523,122.15120552936813
2022-07-10,122.77308997263204,1593,122.9617738879958,122.41118967122084
2022-07-11,122.90605964677891,1743,122.94732238858448,122.65953241211714
2022-07-12,122.20593883183975,4298,122.88213344909543,122.68011774354318
2022-07-13,123.40098546076459,2768,123.01713583681166,122.8297372911004
2022-07-14,121.8777985559808,4804,122.63277449359921,122.79913599560223
2022-07-15,121.31887670870923,2459,122.34193184081467,122.65185286440524
2022-07-16,121.69608858377374,2948,122.09993762821361,122.52363000839905
2022-07-17,123.26161261300808,4493,122.31107238444729,122.59660291677135
2022-07-18,123.19586235193509,3601,122.27004776268139,122.64359179974653
2022-07-19,122.64066282524189,3068,122.42262061653359,122.5276975550664
2022-07-20,124.5218198946825,3601,123.06320925372825,122.70257054727145
2022-07-21,123.07380599426625,3444,123.33875273582676,122.71934518202018
2022-07-22,120.87500003764616,3672,122.86143022075439,122.58625130260084
2022-07-23,121.3150144876995,1104,122.48526064790727,122.37765420529433
2022-07-24,120.81296026334688,3239,122.11972013552824,122.27117037603094
2022-07-25,119.79172744621617,1016,121.173701645835,122.11845544978162
2022-07-26,120.50008389351552,4191,120.65895722568484,121.99885498075582
2022-07-27,120.74388460728673,1392,120.63273413961296,121.74708218018368
2022-07-28,120.17980597655,1424,120.40569243738305,121.44547654264515
2022-07-29,118.89950157787911,3176,120.0230007002895,121.07136041790889
2022-07-30,119.77195890615926,4201,120.01904699227812,120.59637431905655
2022-07-31,120.4221600841179,1571,120.0034622303986,120.33120972804173
2022-08-01,120.32298422033853,4631,119.91928215300895,120.27600814631096
2022-08-02,122.16962121638619,3076,120.31724520097619,120.36146881917962
2022-08-03,121.09953645006004,2120,120.75725217541239,120.39012643785095
2022-08-04,119.5740112791353,4081,120.71766265000758,120.36835482114286
2022-08-05,118.88210320925405,1241,120.40965127503482,120.20655675271674
2022-08-06,118.83651719289855,4897,120.11235786954683,120.0158200112779
2022-08-07,119.07985664222124,3279,119.49440495471383,119.90582507784502
2022-08-08,118.83862058436492,1788,119.04222178157481,119.89973697849359
2022-08-09,119.19067598087922,4355,118.96555472192358,119.8416086859656
2022-08-10,117.93913655668877,1714,118.77696139141054,119.5933063332227
2022-08-11,119.38290116076203,1758,118.88623818498324,119.49929802726504
2022-08-12,119.30074998236947,3849,118.93041685301287,119.21241090386334
2022-08-13,120.41804581395759,1775,119.24630189893142,119.14426184025311
2022-08-14,120.7607711603353,3773,119.56032093482263,119.26293782837311
2022-08-15,121.21752437948908,3247,120.2159984993827,119.4964799453966
2022-08-16,121.78729165972128,3992,120.69687659917454,119.79155739207889
2022-08-17,122.2350002197386,1078,121.28372664664838,120.10707174983062
2022-08-18,122.87772297960613,4984,121.77566207977807,120.51098198935475
2022-08-19,124.20687550973857,4003,122.46488294965873,121.01260194224066
2022-08-20,124.40339667944004,4926,123.10205740964894,121.65902795451579
2022-08-21,125.11240043702855,1855,123.76707916511036,122.23197788214244
2022-08-22,125.02266474274133,4244,124.32461206971092,122.80416935817964
2022-08-23,126.46278195819079,3514,125.04162386542785,123.40864297260298
2022-08-24,125.78638965613152,3628,125.35752669470644,123.9112048221826
2022-08-25,127.58733008904234,2439,125.9943133766269,124.5481853931379
2022-08-26,127.547172138398,3987,126.48126771690079,125.12417344100558
2022-08-27,126.11639703627995,3496,126.70001417560852,125.51231312265972
2022-08-28,126.24450145119074,3134,126.65635807420851,125.84899096981819
2022-08-29,125.56344979371586,3148,126.61177010172537,125.98464839821591
2022-08-30,126.40409334270458,2031,126.37512275245783,126.18471806454238
2022-08-31,125.7514693634022,1844,126.01598219745867,126.24862495717973
2022-09-01,125.30528593018741,4271,125.85375997624017,126.27688707592434
2022-09-02,123.41574519924188,4576,125.28800872585039,125.97218340002944
2022-09-03,122.96343887999281,1086,124.76800654310577,125.68988832241557
2022-09-04,120.53955955336386,3090,123.59509978523764,124.98511126884773
2022-09-05,118.95565672987813,4456,122.23593725853281,124.12595972799575
2022-09-06,119.71607138602243,4692,121.11809434969982,123.48592716296999
2022-09-07,120.50187154467326,4506,120.53531961878609,122.91166417231825
2022-09-08,120.92732910645822,1407,120.12809766407918,122.44805210359247
2022-09-09,119.96035296332902,4554,120.01225634607222,121.8036780656549
2022-09-10,119.91264160718703,3711,120.20365332153399,121.2197952900334
2022-09-11,119.90903906809646,4088,120.2422468579488,120.68017060382431
2022-09-12,118.75067437890392,2668,119.89200742479493,120.21366352179052
2022-09-13,120.25407268067107,1147,119.7573561396375,119.94272690185835
2022-09-14,121.13143497124675,3324,119.99157254122106,120.00191444364664
2022-09-15,120.91047079741708,1231,120.19113837926707,120.19739585040051
2022-09-16,120.93735663641161,4897,120.39680189293009,120.31952437543944
2022-09-17,121.14573944435917,2950,120.87581490602113,120.38391116540802
2022-09-18,119.10400457593488,1365,120.64580128507389,120.20157871235571
2022-09-19,118.85682719341428,4299,120.1908797295074,120.09122613536422
2022-09-20,118.17484294541647,2674,119.64375415910729,119.91744626918717
2022-09-21,117.17322293552157,1435,118.89092741892928,119.64386465592968
2022-09-22,116.8921226426356,1398,118.04020405858455,119.45800948230286
2022-09-23,118.68980916948513,2234,117.9573649772946,119.30158313118424
2022-09-24,119.33065203075213,2414,118.05212994476219,119.12150483713478
2022-09-25,118.75947304096934,3546,118.16905596387275,118.90640506149002
2022-09-26,119.3320558223255,3587,118.60082254123354,118.74587498008141
